195eb2f0dc4bebcf7ccc847ee9744099479701e0cae22465a7d78e75b1262801	.npmrc
bbf441e2f9b0b1953271041ad6d2590b09a14022fb85dbc826646a3ba64b41ab	apps/control-api/package.json
7ac96a47dd97056e5867256beabc4c364f2c021338a8a2934d846dddc3059f6c	apps/gateway/package.json
afab2dea302c08c0033707e0f3fee006f2560570e787f793eacbba96c6f8bd02	apps/web/package.json
011289115d3e532c25807ff0bbbf80e319019b46149ad291fce1dd6e1bbb24d7	apps/worker/Dockerfile
e7336229a3791411a43c5c27e91beae620597a8a63b89b29845c9bd7a8eed3e3	apps/worker/package.json
ce6d0b17bb734c139f8cd37bd0496e880ca1a648b7ec6caa11e604acf8e06d6c	apps/worker/src/__tests-integration__/directory-sync-worker.test.ts
4e1a404a9c833f4ae58e8f725808c9bf4d7ebdfbbf462c4cb15bd9ada46436d5	apps/worker/src/__tests-integration__/provider-finance-quiescence-worker.integration.test.ts
3b34e88cdf99fcaffca4e50b9f7cc08e6fa75b55d1a5aaeb43b4cae0e3060a43	apps/worker/src/__tests-integration__/runtime-assurance-worker.test.ts
b348e7552b120ead2f50301b11a6a3e50f8022697b836a443c3d11d33272fbdc	apps/worker/src/coding-plan-quota/runner.test.ts
cdfaaae10877da78adfa683bf93fe2204982e075f465bf1e1e8bb8ef34c0e0bb	apps/worker/src/coding-plan-quota/runner.ts
3565e51b20c91924a00c8f59dc58d7ee8255520d650190f5d8e5a836e4a51bef	apps/worker/src/directory/connector.test.ts
309ba7d10f8092383cc4af361dda7424ed2e1228e5faa1ab8ccc221ab52deccc	apps/worker/src/directory/connector.ts
f10a9539a9c9f7baea66d1277493d21628b527a32db58306e9ea72d381567b9c	apps/worker/src/directory/feishu-connector.ts
da8e62fa1d890b1014709929a3ad4b58d8246c199b121f620c9eb9589f5c0bf1	apps/worker/src/directory/runner.ts
d772da02fc74971de6549e63460cb9c9c5beaf8394bccec56d62a5b4d533afea	apps/worker/src/directory/wecom-connector.ts
eaee1d930fe7cc21653c31c2d0207e77b80cfb5cbc3eace6ab6f6949ffb73fc4	apps/worker/src/main.ts
0cfa75504d6e806f9f0da433e3cf23c51ce59a57d8b2e457bf997027146b5762	apps/worker/src/operating-bill/runner.test.ts
bd78492db61f993f9e6af632f44f8039f36aab21a7265e5dd70fed1153431c6b	apps/worker/src/operating-bill/runner.ts
043734b8cce3b1430712070966dc637bf27511d22efc65c456d1bb301e7d81ba	apps/worker/src/provider-operating-sync/runner.test.ts
236b13a322bad4211b1125f0be7109ca526c9cf4daceaa6661977bad3c5f4b59	apps/worker/src/provider-operating-sync/runner.ts
181f7ccc02da020e5adb5ff91779034b1c4e40672d355e08c04834b986338eb8	apps/worker/src/reporting/__tests__/daily-token-report.test.ts
3e4def51eb50092aa3b5e0c269ed45ff4ee42f3e11237266f66ef1611cea4653	apps/worker/src/reporting/__tests__/format-utils.test.ts
641b838853b68f216689fd553a992c1f26ad6e728798e37450540be07493f87f	apps/worker/src/reporting/__tests__/quote-library.test.ts
3b54dc67591eee719b58d2942c7a069eebeec2cb8610f09286bb6e3f5b927ff7	apps/worker/src/reporting/__tests__/report-jobs.test.ts
740dc11bb7ff7150214c8c98b9565a08d8875eceb23684b7ab261e538e9b1a2f	apps/worker/src/reporting/__tests__/svg-templates.test.ts
1618484b904f92311114fb135aa04c093c2f50834387e81aa6c2ee77a48e093f	apps/worker/src/reporting/assets/qianliu-logo-cropped.png
c2b29a85141dec83cbd6051d4a117a8c84b9845ee741359a27c4f55a9cfc2bcd	apps/worker/src/reporting/daily-token-report.ts
31e1e463f5e39c93860fbd3ebd48c36fa458bcd04a4f6153a08b3cf4e0f487e8	apps/worker/src/reporting/format-utils.ts
ea23749dfbdbfe66cc12fdf13645c758b9b8ae56318e734e7cbd96c869a71155	apps/worker/src/reporting/incentive-jobs.ts
2d001a96f99243966129a35a54f21e0cb5d88ad7e13b3885f6c70d5528ae2ba2	apps/worker/src/reporting/index.ts
1f3e7c20110f1c1506e9db995a316f5fc871d4e53f5ea8aca91ac1dcdcf0ce57	apps/worker/src/reporting/milestone-store.ts
0e4d3139b700f4c2150a54555f340aa7da20a5aac1a75eac98c91ca32cf3971a	apps/worker/src/reporting/quote-library.ts
bce5c5941c3369ff01733f847b78da1db3aa88688e524d92d973266270c39ce6	apps/worker/src/reporting/render-png.ts
52388d3a9fed8e9de9c80b6d9eb2afbfe0076ae4e69b4edbc285ed04db7ca07c	apps/worker/src/reporting/report-jobs.ts
b7f53b864b45d107c59a4fe3b682706770903f4b919fc181b2d81eaf063d9670	apps/worker/src/reporting/templates/company-weekly-svg.ts
92e7d7b9d4faa30eb39e225ca139e11073ac7270dd68bb4689cc0c16df4d6e42	apps/worker/src/reporting/templates/daily-token-report-svg.ts
f28c8abc9adfce97e3ca93e46ec4c051ca48269e2c04ec8e640e2bb40eaedb81	apps/worker/src/reporting/templates/incentive-over50-svg.ts
9f654b2fed139f3652e59b85372eb5eb693e72c5013d5a2ca158c3f1d8502393	apps/worker/src/reporting/templates/incentive-top1-svg.ts
f9c0baf8213a1dc3821eac6d35595830f896f897612681f1eedd956a0ba9ba1a	apps/worker/src/reporting/templates/logo-base64.ts
a9170df343e9d62ed90054041ef73746f392368b5e9f2f31a103f5ec79e208b5	apps/worker/src/reporting/templates/personal-weekly-svg.ts
59c9f06d04432000512eb8199fc390a6a57050a505c4c99f3854d9e1f896299d	apps/worker/src/reporting/user-dispatch.ts
ed1ffb66e07fe8999c0f6c096cb10700b4ec52b65c6c363ad4284795a070de4c	apps/worker/src/runtime-assurance/__tests__/wecom-client-media.test.ts
fd7523c860dc1a0407531cd2401407786637e13566ae2b99f67e02d7c51c81b9	apps/worker/src/runtime-assurance/infrastructure-checks.test.ts
e1d29c932b7168cc8ee0b22db57b022b5aadcc87a7f11f6a185e23396affcb46	apps/worker/src/runtime-assurance/infrastructure-checks.ts
9fe2746cb7b35987ee5457a1f23e413d8022b196627e9a56e4d41c7c367a825d	apps/worker/src/runtime-assurance/infrastructure-probes.test.ts
4b581e2b724d6b4725476d3b5c1bc67b6c34ae7da8363407064e6b034d2e13bb	apps/worker/src/runtime-assurance/infrastructure-redis.test.ts
7da8359b5c3f4d90eed38684772730913104362441103c9d9417a32bf2345a1e	apps/worker/src/runtime-assurance/observed-task.test.ts
209fa025568d48c5c3764fb0635bb1cd5df0effc53f7f638503524c5d2f833c5	apps/worker/src/runtime-assurance/observed-task.ts
1e2f06aee580b70f0c9a240e9fa266f7599c3a6be52909eabc03473b68ee2cc2	apps/worker/src/runtime-assurance/runner.ts
9bd537986f9e82c90c971b26990f3ec6b41b82cc0f474be48ee06f73b9393f2a	apps/worker/src/runtime-assurance/scheduled-tasks.test.ts
d8db09c459723d740e5b3ea1f892338fcb4d4c74b557c8bf2011217e9866df65	apps/worker/src/runtime-assurance/scheduled-tasks.ts
5c02a7a1ad07dc68763d5bd84d4a42e23537a27afe94f46981ab1b8e51380e46	apps/worker/src/runtime-assurance/scheduler-loop.test.ts
08b6cfb24cf9e37aeaba4d2045c7492bef599f6059f870bac33f7c8277fccb6e	apps/worker/src/runtime-assurance/scheduler.test.ts
6ed03e4f73b7812f8f1c65ed24978c6f06ba5f9d63a7e5dd826f3e05ea1329d0	apps/worker/src/runtime-assurance/scheduler.ts
92d1b003da1606030b25541947ca2511b1c385025d62ee06772b356bd08243ab	apps/worker/src/runtime-assurance/wecom-client.ts
2199b427ba3b1d94bafd2a8e73d18edddee5cd0d3c2a1643d19f234c83141f5e	apps/worker/src/subscription-renewal/runner.test.ts
6c1e4320ba71d9ad4e0984c694b96e8e9d76c681235c671ce7e8cd0c7d8108dc	apps/worker/src/subscription-renewal/runner.ts
d6aa1f01c22769fb7489e6c942d60c50ee5d62b6257fb56826905870b21d0347	apps/worker/src/supply-forecast/runner.ts
8f7196121bb3c0172e80e798220bb711227b57e780fcaf5bc13d48b38f1c9254	apps/worker/src/usage-aggregate/runner.test.ts
4bf038d38a0d6bf7eb530b93390a9b4e12676d0400916f4b1b513cbbd6a80342	apps/worker/src/usage-aggregate/runner.ts
2e1fe955301cf39ced4106349f9e52f38dba4a96217d7197b69b82d0f54226be	apps/worker/stryker.config.json
a318d9b251bc7d29d548756f35648f99a72dda67a9541464ff0c46cc89289d87	apps/worker/stryker.w20.config.json
6549f95182c0e522f6fe423f472e09a011e8bea22dd5a0654b0ad7cc67f172cb	apps/worker/tsconfig.json
7714b066879ab8a7252d1dbdb46a37fa2e544507b86e08ce3cb81b0658abfcc1	apps/worker/tsconfig.tsbuildinfo
370f633db13dd7561fa595643d6621513e29cb9904d509243c90ea08fd83a718	apps/worker/vitest.mutation.config.ts
d6b70a862a5e5bb4e428d0036d8e20c723d770021ea4e7ef9596a94e1edf9d62	apps/worker/vitest.w20.mutation.config.ts
00b8246b12dcc8535a4258da869153db1332b376d97d6b4a847d709fc655de44	package.json
128013c311ea280a7540bf84cf3a0784aeba18168d0a97c8d635c339166c4317	packages/config/package.json
50172470640bf8f1a63f204bc51b0385310f0d81542ad5ab8ed7547be1985d9b	packages/config/src/__tests__/config.test.ts
f2f4f64916550fe0c7a081f73f3f002bbde83620b74a207ffd47c82f53ed4904	packages/config/src/index.ts
6549f95182c0e522f6fe423f472e09a011e8bea22dd5a0654b0ad7cc67f172cb	packages/config/tsconfig.json
859eea59b883c2fd29bacd92e4b756b61252a6382b87b985beb9dcb44d75093d	packages/contracts/package.json
a5d40c6abe3807b61bd9a13e460e9dbd2ba9eef964948d352f6a4115533d4e2b	packages/contracts/src/__tests__/contracts.test.ts
56e41e673b1845df7dd221fcb847f0ade9ffad8b0551015ad2dc6b8af5bbbef2	packages/contracts/src/admin-permissions.ts
e688818abfd7ac14aca4cdde1cec07862f38e182b0b58a58b1242dda69472729	packages/contracts/src/diagnostic-evidence.ts
3ce5eaa956c45b6fb7854a232f1c2ec7b19a66a801aa091bc1ab7b61f81ce1b2	packages/contracts/src/index.ts
00a9728f857919684c2bb78b507eee350715aaf898926d2fe3479f5ab790f0ac	packages/contracts/src/northbound.ts
6549f95182c0e522f6fe423f472e09a011e8bea22dd5a0654b0ad7cc67f172cb	packages/contracts/tsconfig.json
130bfefb16681bcc418558e29e66f19354920004d40374bd20e7b7fe5f8ffaa6	packages/database/migrations/0000_baseline_probe.js
b6d8e512221c935dd1620dbb3b78fc10c299257cc4720976c3e5add4c41540a6	packages/database/migrations/0001_enterprise_admin_session.js
22e8954c9f6004859fe75fc2145531afbc680efc656f470e578a7469ba46d088	packages/database/migrations/0002_principal.js
6d531f5d2a94ec07a00ae3b0d74786042c69d03f27fbfb03d07c505b856d01bd	packages/database/migrations/0003_principal_key.js
7b6191648cf07eac451cb074c645a16bd0897b07b5a1e528fb7a25b4a4dee9c3	packages/database/migrations/0004_principal_grant.js
abbbd9d12bee1acf8febb16ef843d822186b4266f5056d4f67ed3e40502eebd8	packages/database/migrations/0005_provider_resource_route.js
f8a3f09b15dbef4573bbe91618f0141ed3c0eb88b41f1aca578faad9a6be7dca	packages/database/migrations/0006_operation_log.js
58daf8027d9a6e9eec47edf8228fa1e3a3cb1c998cc0330c9c5c6016cf1212ca	packages/database/migrations/0007_gateway_request.js
b2423d234e7ffda5f7c395bccf438fbb05ee34f800d7bdc39263a9220647472b	packages/database/migrations/0008_attempt_usage.js
f9d53a9d84bfc7f442f5d44075b4d2827fbeaab60e89ff6c6a98e216bc17e1ae	packages/database/migrations/0009_ledger.js
97fbce7505e132e19ae9741da625591ba3131e2349d1a4b855ebd7c33822490a	packages/database/migrations/0010_resource_credential_lifecycle.js
1f085ec37535cc5bc7d614af9f7cfc0fc12ba9e7890541e6a7bb281bff493c55	packages/database/migrations/0011_billing_rule.js
55297c198f873eb2ec3e6f94a775887d965d44823e21a6491fff996ca77a6b0e	packages/database/migrations/0012_concurrency_lease.js
2e19ba38e77e3d8885bd821474023affc6381100e146b8093df22ca6902c92d7	packages/database/migrations/0013_supply_forecast.js
bbc65f225f73215401fe6b0fd63884a29bc7111ef7081dc940a58f2651bfca8f	packages/database/migrations/0014_dispatch_policy.js
d719ec5dc62b3c8790641c854b10a06d0020340bfbadec1cf97a4c254e80c54e	packages/database/migrations/0015_reconciliation.js
1607b4eaf252b2ec831d25fa26fa752a9442566c7c53658182313c19cfb64be0	packages/database/migrations/0016_alert_disposition_type.js
e21b5d03bd8223de9c413cbfa74ee6e261a018b8a6cda73ba14c79b618c99e61	packages/database/migrations/0017_alert_event_and_version.js
326c5b8e5b5fe5caab94155a024dfea89f7966f537b1ae760c08e8aa64696a7a	packages/database/migrations/0018_billing_rule_version.js
c213086a12771f629ce5c96194e40c6ea92ddff5a0b58aa853313b9e2d32d29f	packages/database/migrations/0019_alert_source_clear.js
9db350ed63198bcf575946d5d276f65b914ee825644dc2ff9539d19cdd7e900d	packages/database/migrations/0020_p0_billing_snapshot_and_reasoning_usage.js
e229963f30afabbb732d2be738d1c561d975dcdd0ff17744d688c378e91f5a96	packages/database/migrations/0021_billing_rule_multi_windows.js
588ce80a37573e4db97d8cd877cac7c0a6bc3c02639ed3d0afa13af180df2b18	packages/database/migrations/0022_principal_key_minimum_model_permissions.js
c6db7a81d618fce16534c95d26e2c4054af20c98f44f2cddbb0dcbb0b973b88a	packages/database/migrations/0023_principal_key_single_active.js
f8f30b2dea1bf5eaf359981367ce721985861c93d33a94681705c537bb1e9a89	packages/database/migrations/0024_gateway_request_idempotency.js
0d7df71b1b153a934d4f4210b8a18ae57a6da904b9a99188adfd840505fc86c3	packages/database/migrations/0025_principal_archive.js
cbd3e75444a004976311f6c62a39c04141b8c6768ab238e384ce9123ea30428b	packages/database/migrations/0026_provider_resource_operating_snapshot.js
778a67e516b389c6258010274b9f923dbf79bfa2e45380381309d01ed6eb260a	packages/database/migrations/0027_usage_ledger_filters.js
8d41e86545a3a0a0ac4d1194cc55da4f1602e5b05d2ba3e3aebcb9b2d085430a	packages/database/migrations/0028_enterprise_reference_guards.js
2e5127f59154ce5cb42c5ad6921b56c6b250a87cf9226fc690152a22f03677bc	packages/database/migrations/0029_provider_quota_auto_calculation.js
480612e93b15f1b54ffec11de2d149c2826999488bfc15a4e02954b1bf2feab6	packages/database/migrations/0030_runtime_assurance_foundation.js
9fcb5fade54f6ef0d88a6ffb31c8ca6747e756ba6b9e1dc870820d8996e75cd4	packages/database/migrations/0031_gateway_stream_resilience.js
7d5f811d95429505bde41fd3811ae1c2de0c1f6ef63ebff2fdcb1c120afba21b	packages/database/migrations/0032_admin_lifecycle.js
7767bcf9c3af7d13f235612791cd009194dbf4fb71c421988c9513853a766255	packages/database/migrations/0033_operating_bill.js
997ba47e6993f2e8d5ccbc317a421d33f4dcdb5b39fac21fac020ea1e252a64f	packages/database/migrations/0034_supply_forecast_production.js
2d24226dff74893940baa3faf70170069280726d548c3a16e4b6ce7b8e1c4911	packages/database/migrations/0035_deployment_log.js
8a6ccccf7df44b6838a51b2e14c687b36ca11da46b3882273aafe3b5398a3050	packages/database/migrations/0036_provider_model_discovery.js
216ea1f39dce53f4b85c90974925c160ced2b56d952174d69e82d1e8016344ea	packages/database/migrations/0037_client_identity.js
1e2fca1c50a9edb748d909ae631d7da1ef2cbde83f438e0fd9cff25fa8ec4f33	packages/database/migrations/0038_employee_model_authorization_rule.js
6512672ac059fb5daabcb8c0b64e40990bb0773d60a6329afe09f8448caea74b	packages/database/migrations/0039_principal_provider_pool.js
4df4ce112c67aa030c3f1c21db5ad3efb3bfd7b0dafde841d6956ce17d1c9993	packages/database/migrations/0040_employee_model_rule_pool_quotas.js
9ed075abbd71fb362d942cb4e45d393d9a87a54f56c4fa3580d8a7335bf68aad	packages/database/migrations/0041_provider_quota_window.js
27270cc00f5598b7c3c52484777596c7e5326efef0cffcad6c06b2e98f1f735c	packages/database/migrations/0042_alias_ql_format.js
f116a7309ad580b8593332ebadb5cb9d742891d4c738dde4a83354ce6fc207af	packages/database/migrations/0043_single_owner_rule_history.js
6e56824f8aac8cd29f8bd7c33260a51d69dacc1f20ed181489a8d84459218ea5	packages/database/migrations/0044_operating_bill_model_identity.js
74ae28b311dfe486ea2e9bddbb7371c1f52b90099d2e07c2e29a6147eb15f1ff	packages/database/migrations/0045_zhipu_weekday_window_alias.js
af9e36e000f434452e3cc237fc6c36b491e9be6944d2ac39ab18cecff90e1a75	packages/database/migrations/0046_directory_import_foundation.js
8051824c9378a68129be29f1af8540d483d025ad9001c90cf36989d44fdb42b7	packages/database/migrations/0047_usage_bucket_aggregate.js
53bb7ed0d905ccd964f6577b40806cd0a0233cff449504755ef5c17ab8e71d75	packages/database/migrations/0048_department_cost_budget_and_purchase.js
d251c5a2e50b19664347d092b4a55fc18df0f8a99e149b8335b0c615c848b18f	packages/database/migrations/0049_resource_utilization_and_procurement_review.js
51654a12f82ecfbc79610ae197beffda66cc6e73a05741d1be4a44b7ce26678d	packages/database/migrations/0050_group2_policy_lifecycle.js
4088a1261c708c78ecd2fd11f6f7e4f82189651ff5c65524ba52b729bc99ced8	packages/database/migrations/0051_pool20_operating_sync_and_closing_confirmation.js
a1d699fea202b3ab3019efcac22021d29f8d4b2c122fba3d62dc1da464bde611	packages/database/migrations/0052_dispatch_restore_and_resource_utilization.js
8cc62aa4f40771cbdf2388206d59ebfe2712cd922c288d841f4a62d4878fde95	packages/database/migrations/0053_operating_bill_opening_balance.js
1dbe3f62b7ec5320f948f083aa4f6dc46af9b882c28e4a2732e5b8f81c7cbab4	packages/database/migrations/0054_usage_aggregate_settlement_time.js
f4cc59604369761e0e6b228c2d30a455aa8cc0a44d4babb2fc08b2635a1ffb3c	packages/database/migrations/0055_upstream_error_evidence.js
839bad27fe58cf4922ea82dfcf3f7360841ce39d3c1f3bccae50abdbafd27420	packages/database/migrations/0056_resource_monthly_budget.js
e523ccfb7508f7d804c8ce0df8c3b11fe5c74b801a5bf03810f009019f38d99e	packages/database/migrations/0057_model_discovery_v12.js
9cf7a7d16c1fcf12f00478673a4c77d150aae094755de00dbff2644c109846f7	packages/database/migrations/0058_principal_grant_archive.js
3169e55580528ce8856b657f6eae915902a023b32dcff0a3ab3a6cbf55d8044d	packages/database/migrations/0059_provider_finance_ledger.js
055c2289513b52bb978e36a427435984e70282266042b935a32108b3a1ba4790	packages/database/migrations/0060_provider_finance_legacy_cost_resolution.js
2cdbe1b586ca7697f3201fed3c62d0bad578132223c3f3c5cf839aa085bcfaf9	packages/database/migrations/0061_provider_finance_audit_hardening.js
e00c192a080ad31396f7ca893b9c78a444e329ddc5c7b9c105365e13eadc75e2	packages/database/migrations/0062_resource_fact_reconciliation.js
d47da38d16890b6c5a820806989943817877122a826bc6a7a2def05294dd4395	packages/database/migrations/0063_operating_snapshot_subscription_period.js
ae4c6d055b703da1d1a73fb29d283f419d0e4feade01e55ed796c18d802d3827	packages/database/migrations/0064_quota_pricing_and_policy_archive.js
d5a8bc87b536ab757f7fc4dd633c9b526534762f20f2a3dfbefb5bc59862d3aa	packages/database/migrations/0065_principal_accounting_assignment.js
87130de75aa5008a3c02c34f9bb8f50ae9062764aa4caf5b41a5f4b76626b622	packages/database/migrations/0066_subscription_auto_renewal.js
3bcb5061f57be11fe9a3817789863ba9894ea8b6f60ddd582d5c13499cca6a78	packages/database/migrations/0067_admin_cleanup.js
43359791f7b6473eb49655d99abeb83b8c9c2e99e7345f75dc7a9046f6920e80	packages/database/migrations/0068_alert_resource_context.js
193ac8628b278b150abcd9ce15795a8d936bd2b7e5caeb846f67e31f855d68b6	packages/database/migrations/0069_auth_error_evidence.js
8847f1898128d4a4cc004e747611d20134015e9d4d9f744048f09b198537ac51	packages/database/migrations/0070_alert_recovery_evidence.js
df71891f6c6aaad30334392fd0ebf851bbec4a3ebc7955087798e781ae655f9f	packages/database/migrations/0071_enterprise_contact_details.js
74c599fc8180c93f8dc9678f274dae077b0669a907db5125c6abd6250be7b90a	packages/database/migrations/0072_admin_roles_security.js
04fb892e6bcfaab723b28fe8029e9e14d7acd7dbf0382bc58fa560847dc78273	packages/database/migrations/0073_credential_chat_probe.js
3d73bf0d8ed0eb0c79fa69a80076457a46ffe14ab580fa2ca424d63d714dbe2d	packages/database/migrations/0074_runtime_notification_recipients.js
43960cc14d80c2d544551e088637eb6aa8cfbe4ffdc73eaa977e2fa4177258ee	packages/database/migrations/0075_provider_resource_archive.js
cf99f269048e4cfdff1b6493d93c6700b1fd3350d98dbb591dc7ea9d37dd61fb	packages/database/migrations/0076_provider_model_probe.js
373125273893c3f6a737c8727107b5e88a91bf28a8ae36506494b7dcd2c0c654	packages/database/migrations/0077_provider_model_probe_run_identity.js
d6b9d8854eca6ff36231a3d6b7b848d94c12aa49134aedc0e56d6e00f10bf3fa	packages/database/migrations/0078_provider_finance_activation.js
d3fbed996c5750998657700ae4b148132f6dfde59933cbb279d2ee83fdc29988	packages/database/migrations/0079_provider_finance_candidate_draft.js
06d13a5c436f219ade5f59af682dcab46bb3473e08e95fe68154116f7ebb992e	packages/database/package.json
00b7fe0efe03c83ad757d3e19a0503cceb2a89651f2a8c948402c69743bbd63f	packages/database/reports/mutation/pool039.json
b2bb6a7ccf98942b2e689e715425cae8ec52c9425a1d1f44a899a4e6688b63ac	packages/database/reports/mutation/pool039043-integration.json
dfd14277ed79bf6e63a6ad24d3bd4fc3612a0ad9662df7ec6a46be99e4017e35	packages/database/reports/mutation/pool039043-resource.json
5d49e8b5af373f997a589e0110ab14563946d143be1cc9c1a5141079ea7fe381	packages/database/reports/mutation/pool043-v22.json
6a1c5a2bd7523b39afce1c7845b8802eb89234351b57d8bb39616ed08682d783	packages/database/reports/mutation/pool043.json
601655c483ee8f5e3186f38fc7f8380cd5408c74bf4ce5855876df994d55b90e	packages/database/src/__tests-integration__/alert-event-dispatch-scale.integration.test.ts
fbef14decf22ce1d15f2144972e9ef8aa89d18abf11c7381ba414a90cdc53eb2	packages/database/src/__tests-integration__/billing-rule-multi-window-migration.integration.test.ts
1bbc96345cf1361d47288497829ea47a08d8907d1ace4b0a5fa9bff35fef7dc5	packages/database/src/__tests-integration__/credential-probe-migration.test.ts
e88da73dcb9e2d89de5b2eb5841ee756ab4c8cb873b3d0cf5003db83837063df	packages/database/src/__tests-integration__/directory-repository.integration.test.ts
db8ab2be3180072483c4139478519120cab1201b3648ea88132bf19d530f835e	packages/database/src/__tests-integration__/dispatch-pricing-concurrency.test.ts
436ddcb729c3378ae063b298ae1f3c9769d1fd31791600edb6e20743bf1f822c	packages/database/src/__tests-integration__/dispatch-pricing-readiness.test.ts
f1083eb1111fd2bec9139b7da69bb9d850480b1125a7f49174441b466505a573	packages/database/src/__tests-integration__/exception-center-contract.integration.test.ts
c7b85795b3b28aa5caef96a65a24fb97259224a6dce35eaf9c837bc4e7e9adcf	packages/database/src/__tests-integration__/fixtures/operating-analysis.ts
6fa353c9427f5f5201373405725233e6a3e384cf6af0999953138f19aeade1b9	packages/database/src/__tests-integration__/migration-rollback.ts
68f13ca172c6f4e72b523265e00d6bb7bf99d4fd948af4dd788e3c8197d7d70b	packages/database/src/__tests-integration__/migration.integration.test.ts
ed19a69e97ebee89a11a11dd6d26aff9c2c3afa88a10c9958d8808d14ba07b49	packages/database/src/__tests-integration__/model-probe-migration.test.ts
7ea7863cde7f219f5dfac39c9204e62e000929d5a264fc0f397f1e30331c56c8	packages/database/src/__tests-integration__/operating-analysis.integration.test.ts
6961e94b370c4d76fe6f621cc87d3261046784db148ccf95034141e3c7a92ea3	packages/database/src/__tests-integration__/operating-feedback.integration.test.ts
8ce5964e870bd6a3ed1d3702a3380edb6fc138a0c86384af69bdb4d60c306765	packages/database/src/__tests-integration__/operating-snapshot-subscription-period-migration.integration.test.ts
fdde858badc0c4632cc7707ba06cc8b98c9b7e6a8634259b53c30b608b53c443	packages/database/src/__tests-integration__/pool010-provider-operating.test.ts
3a3454b208f71b0e2f89537d90e6d9e1306ce6ab5d4af52f09e8a0fa2df030b7	packages/database/src/__tests-integration__/pool022-supply-forecast.test.ts
34e63c1bce549319e1fc7fff631a722fbf006cce68d54449e673e5eb33ab7f95	packages/database/src/__tests-integration__/pool029-authorization-rule-migration.test.ts
f615f7bd7fef7814478a1720e4e81310292b001f68fcb9a123394ae241cd13d8	packages/database/src/__tests-integration__/pool032-provider-quota-window-migration.test.ts
f8b5613079058a3b1ab7ad9897339c44f6b96265685aaf82a60b10b99d4b5697	packages/database/src/__tests-integration__/pool035-pool-quotas-migration.test.ts
c059682ca31695a6d1a9d59e8c55bd447c9b935f86b352dd87f10cc669f7369e	packages/database/src/__tests-integration__/pool039-lock-order-migration.integration.test.ts
e1a3d3ac879e1d3329ed16ee50741143a7b0327aa02e2f722c93c552118c85b1	packages/database/src/__tests-integration__/pool042-dashboard-resource-usage.integration.test.ts
4057f07aba9a74b2c20da9ec4beeac2d7c6ab0704d3e3ed47cf37d0269b9ba91	packages/database/src/__tests-integration__/pool043-model-identity-migration.test.ts
d98b3ae7c1f3d2ba5478242a1732268370e5419f9e94bfc93ad38dbc9a621d43	packages/database/src/__tests-integration__/pool043-operating-bill-accounts.integration.test.ts
f5bd77b0af2a38bf57b5a2b773b4eb0eadb17499b2ff0fb17ef7ab23f41c1117	packages/database/src/__tests-integration__/pool043-operating-bill-concurrency.integration.test.ts
f71a4922e5994b75852ef529b853c1c654d419fef09e7cbcc5ba47f2354afe7e	packages/database/src/__tests-integration__/pool046-zhipu-window-alias-migration.test.ts
58a5bceace050ab20ee75da0c4fb258a40bbcec1d86283a9ff71c03c8ff8d8d8	packages/database/src/__tests-integration__/pool047-resource-monthly-budget-migration.integration.test.ts
0ae1d66dbbd5e3852cfc4f1d0b6e2b0133607440172b34b9ffefef38917dfb31	packages/database/src/__tests-integration__/pool048-upstream-error-evidence.integration.test.ts
dd76480e58afa731381cbfbf99e04772598198a3007c07d99b6320fa4ed65704	packages/database/src/__tests-integration__/principal-attribution-backfill.integration.test.ts
717cfc78908d055ee8da954d7a09d7703765a74872d05b379848ef74419f1f88	packages/database/src/__tests-integration__/principal-key-permission-migration.integration.test.ts
4a29e86943103ec9a0b845c18b173f87d498aeceb54e99eb7124e72ccc84fde1	packages/database/src/__tests-integration__/principal-key-single-active-migration.integration.test.ts
d9416182c7a591ebfc30bc6c5d280a4133f385b63ff227d3de445053215826ca	packages/database/src/__tests-integration__/provider-finance-activation-apply.integration.test.ts
1055644f87ce17dd1f63f7798ce7cfa9d03c31245a79b4dc76bac2205a30d45e	packages/database/src/__tests-integration__/provider-finance-activation-migration.integration.test.ts
d216892135a317d6295833961dc8696fb7ff5ca0e8c31bce4815e0ba3d2b6e67	packages/database/src/__tests-integration__/provider-finance-activation-preview.integration.test.ts
21b9ff4ed1fe244fc8ac9d3c5a0c712ee35d982f5e6cceb8cb3ddc3b86017083	packages/database/src/__tests-integration__/provider-finance-cutover.integration.test.ts
1a9c0ca51a2ad2f20ae65eb72e8c49999f1ab888f44ab89b8bdae5ff9a0b5e82	packages/database/src/__tests-integration__/provider-finance-ledger.integration.test.ts
76e671719e04515919ad0dc010b5f8d1e4af3b0ccfef0a6c145298a21780dc7c	packages/database/src/__tests-integration__/provider-finance-repository.integration.test.ts
6cb01b7c7ebe01785282fdd8d0ffe3350baca0520381ee11772b96a7f22efa18	packages/database/src/__tests-integration__/quota-pricing-configuration.test.ts
3ec057c1318d0556472af539774dafc1d2070321e5d3f4050cece65ed749e94d	packages/database/src/__tests-integration__/resource-fact-reconciliation-migration.integration.test.ts
47adb0c79d062ec6afa3e3cd4af2f27d5793f2b9d5cdff3cabefdcc3e1b4d072	packages/database/src/__tests-integration__/runtime-admin-migrations.integration.test.ts
5b01432dcdefe9dd0c86e09a280d9af4ecf193e754be85dfedc71a6193f03679	packages/database/src/__tests-integration__/runtime-admin-release-rehearsal.integration.test.ts
bed3281decc39e5ae916e7bb1c6c1b46a77d61e835fd8b7af03b59dc92f06e98	packages/database/src/__tests-integration__/runtime-assurance-foundation.integration.test.ts
f4bfef11d132e96ac50d997493c6e4d8e36f045b90f2acb4ebe92b1b51f775d6	packages/database/src/__tests-integration__/standard-home.integration.test.ts
c242f1078d0b138d53e9b472f7d416b35b70fa58e6a2acb9109d4c954caedd31	packages/database/src/__tests-integration__/subscription-auto-renewal.integration.test.ts
5d221b5e5ac9b5b622bf96c18db41cdc28400fa60f0a0d2501dd3bd19985096b	packages/database/src/__tests-integration__/usage-aggregate-migration-capacity.integration.test.ts
f8f2bdaf6964f279c14833b673545e0ef75b85da5c033e227504884cec670cae	packages/database/src/__tests-integration__/usage-aggregate.integration.test.ts
3599218659e41ed1f1ffccd4423b33217b777ce8ebc633533310f9829241e24f	packages/database/src/__tests-integration__/usage-overview.integration.test.ts
b10cfbbf69b90a98b72e50bcafa5b9170437349e7841ce40f8dad6717c0ce618	packages/database/src/__tests-integration__/usage-repository.integration.test.ts
4a28a342b0c8276543463db8a19b6bd714cb2f555ef7aad632ea4d15f3102165	packages/database/src/__tests-integration__/w17-reconciliation.test.ts
837cfed790ed61979fb36fcac340dd9cdd335f5ccb6f7886d63e5f82d7d6002a	packages/database/src/__tests-integration__/w20-final-migration.integration.test.ts
8e642773eec3f01d8c6276e12b361ab66a32b5c9f5ed7aa77e4e8ff93faa5daf	packages/database/src/__tests-integration__/w20-resource-procurement-migration.integration.test.ts
250c2e8af0d89d1011c39e5e52aabf756f318d306cc44d6325fa6fa17a69e6bb	packages/database/src/__tests-integration__/w20-standard-capacity.integration.test.ts
5b2539c9fbd629774b51a6afc498a975496a8ce3609946156fd4e1cf050ef46f	packages/database/src/cli/migrate.ts
dc8378ace7236ae6b9600e2538b86c35f62f94dfea42fc39e3a49671c430d31c	packages/database/src/cli/provider-finance-activate.test.ts
45b06053f4325db1fca75e4ce15fa1f388779f2f1a073753abc59115f7d915a5	packages/database/src/cli/provider-finance-activate.ts
822099fcf4acd4520a73b8aa99759e7f797425d50846ae522eb03d92fc06b55a	packages/database/src/cli/provider-finance-preflight-policy.test.ts
f97656ac19e40848a63ee88efab18ce9146740c66099bb294bf1b1aa768e6b83	packages/database/src/cli/provider-finance-preflight-policy.ts
a6141dd2f7dff49cd224a389e489199e215f765a4c67a3fb1765dabf00eed8c4	packages/database/src/cli/provider-finance-preflight.ts
06d4502fe7f38d73ff870b1116e601d424eba2b659f1ab46a363ce1b92f3284a	packages/database/src/employee-model-rule-types.ts
63cfc5e6c4f1e450e6a53beb1d69f8858018c63ead442630743b77d2d6c5a7af	packages/database/src/index.ts
2c91ec13cb03f06171ce2bff8c1e3b8125d53b33fbcab8c06748c0a939979fab	packages/database/src/kysely-admin-tables.ts
21a42f3e5cfbcd40bfc0727d0d0dd1345010b06a0fbd763087f71638606478f3	packages/database/src/kysely-availability-tables.ts
73c456c2b5850c08b31f6738745cb19e78636e4bfd735bc44d402282e40e918d	packages/database/src/kysely-core-tables.ts
faaa48e8b3e541e6b974b208f01704ce7775b84f9523530287f8af743bf70748	packages/database/src/kysely-directory-tables.ts
6b0f1541e55550b9528d15314ff92ef0c8ea1172adb7f43f18ae3ca94deb58a9	packages/database/src/kysely-finance-activation-tables.ts
b7d8a922c3ac1fb6a9491fb0ace98bb8dc66d20e416854deb4a3dacffc87aacc	packages/database/src/kysely-finance-tables.ts
4baaaea7a148a7c828f6ba2220496da57086f5dfda8300d204ba6232afad413d	packages/database/src/kysely-ledger-tables.ts
b5737555bb20e04ffe670d7a27c7e782bd6b8d1ac7a403c1b97a1c9767a9d79b	packages/database/src/kysely-operations-tables.ts
b3fbe7ebb0335e88bfb7261457cdd54d1135f0f9d492c999c89db9a57d9016f9	packages/database/src/kysely-resource-tables.ts
c9bd1b61e39f0c5ace66a4d52e8801047ebf0e1b84a1edef744fd314ea8983ae	packages/database/src/kysely-w20-tables.ts
23278b56a005e8218f712dbfdcd741375f6d0e9b296f41bb47d07a85cf76281b	packages/database/src/kysely.ts
311d4422ae519b1f6f19775be187d901d5a5b4ce6e1122dae0dd5fa327729f44	packages/database/src/migrator.ts
968f4eeb94af87a902921f40fd0219f4f4c5508c400dd3d5fb584f79fe0ad3c9	packages/database/src/provider-quota-window-types.ts
0c87a95bf1accac66a700ee697365a7d428251f64b567634ea109f6b13dd6245	packages/database/src/repositories/admin-billing-writes.ts
f82a6406f90d1598684d526b19c4a98bac94c8f1efdeeaae4dd60ab58d523eb1	packages/database/src/repositories/admin-repository.ts
fed586dbf487171c9e0de46404bef72a1e5a6dac0e0d6d34a3670ea17427f70d	packages/database/src/repositories/admin-write-repository.ts
05f574be5fbfa11cee9b3c25a126688ebe004057938269ab39b4419cff381c6c	packages/database/src/repositories/alert-event-background.ts
ed7755d079825daac49b0eca7198b458f0f9c6091004f34f1808d38e9c9b4ef4	packages/database/src/repositories/alert-event-department-budget.ts
ad56fb0d382847902423e2e5f753d4be31a28b12d2e2eb3aa0e68a2f31706c4a	packages/database/src/repositories/alert-event-exclusions.ts
8463676af6df8877f97fa550889d573b8860816dc7cc9a2faccaf271c51e765d	packages/database/src/repositories/alert-event-operational-derivations.ts
ecbd9c874538e46dfafa827763124a2e04a16bf6597ae09c72735ed1513c4018	packages/database/src/repositories/alert-event-recovery.ts
892ef1e49ffa19d00abf8e5522adc7c90229c851b63ca3e1d64cebeccb1cc3dc	packages/database/src/repositories/alert-event-repository.ts
7e9bb9551cd7e9cad88a63498a92b3e220e6522956154259b41cd7fd3cafee0d	packages/database/src/repositories/alert-event-request-derivations.ts
7014b043917974ba21cb3a7bc387d7ace8de953014dcedbd87917ea8fb734b53	packages/database/src/repositories/alert-event-types.ts
88e51e7a56b2a6dc1c73bfd01139b6aa6fc334d0d6178342f570f942e2a53e72	packages/database/src/repositories/alert-observation-writer.ts
d33f3e8b6383b3ea772e3d89204df6680470dcf20cb2299e6930720ca62b274d	packages/database/src/repositories/audit-repository.ts
715d01a9a132c0745ae1e44be7af2006cfbce935544431d351fe27927125630a	packages/database/src/repositories/billing-rule-applicability.ts
f78dd6d8b3f28d25f8adf73f288cc0c410b0d7ad85e57de4fb4515c1f8792b79	packages/database/src/repositories/billing-rule-persistence.ts
ab1127628436e630d406f544815dfbbc285eee71a045a564461c128d04542e40	packages/database/src/repositories/credential-chat-probe.ts
023efd5c035611fc56f6a91c5f9d8455c7a226e063d48665090ce9e5ae34f5e2	packages/database/src/repositories/credential-probe-models.ts
d0c11e1e42e877b4d5bdfe1a490b2eebf41d98589f46570cb42d037d8fb28381	packages/database/src/repositories/dashboard-breakdown.ts
65ef0c162ece6365f3f1134958a53a7ee1403316d84c412e9337b38565527635	packages/database/src/repositories/dashboard-helpers.ts
7f3b4f6b42353b60651a06a7b911a51b78edf531047864ef094d4e672052ac1f	packages/database/src/repositories/dashboard-home-costs.test.ts
9fc00d6c0e378bc7c32bf4bce68009c64cda98033cade7e13a1b9ffda51685e6	packages/database/src/repositories/dashboard-home-costs.ts
b457e9f260de6a91059adb73b3f00e35390ce848f6ec0238a169c84f768fea94	packages/database/src/repositories/dashboard-home-metrics.ts
c63a509e6c1e459c781d69d0a58350c5bda350b534f4ba8180933c84e6b0ed38	packages/database/src/repositories/dashboard-home-providers.test.ts
ae13ffdb35abac5610815a429b239e3b204a3fff417b14b4186a2b3eba48bb32	packages/database/src/repositories/dashboard-home-providers.ts
6633b1c48a7608ccba26e984632c2f1778a3a99da948b4bdc60261cad1810d7a	packages/database/src/repositories/dashboard-home-types.ts
6321bc556e15622d8dc3e8662fe936068e0ff02482f11dcb444fc9d8ba3422ea	packages/database/src/repositories/dashboard-home.test.ts
3499ef87aaed76d4b868ad6af6b849a85aec228a3983404c0d5a50b83ec22280	packages/database/src/repositories/dashboard-home.ts
b66343bef8717ab1481f1644596111ef4626429ea7af05340b89f9a18625ebff	packages/database/src/repositories/dashboard-monthly-spend.test.ts
6106187d4a0ab73899b268300c56933b98c02e80fafcac308e7e748323241b1b	packages/database/src/repositories/dashboard-monthly-spend.ts
93d99612aec3d97108fb8cb02d896c57f2f1832b17d3337ac196237e01033b85	packages/database/src/repositories/dashboard-overages.mutation.test.ts
5a42ad0e80e22ee7eea0bf8c43e1bb501d691058ee3ffcfd5ee618dcec66f650	packages/database/src/repositories/dashboard-overages.ts
b06a9648999c9b6eb9b4bbed9138fe33ec10b158a815660326f20950f5121fec	packages/database/src/repositories/dashboard-repository.ts
620dbb5d0e6a5c84babc8e14883d58043ea8a4d149b3206e66d5346fe077e914	packages/database/src/repositories/dashboard-resource-status.ts
438a682ed34df48fed07b4d7005be08542d2f299d38cb2bd1cec9759ecfccfcb	packages/database/src/repositories/dashboard-resource-usage.ts
ee3e4a7f009dd31df65e8fa4563e48b1568b36a30d7f616cbdcaecba061a1350	packages/database/src/repositories/dashboard-types.ts
4a724626fd7879fe5210c37b50ea9f8708903e5d5ee74ce07372d8af0086019f	packages/database/src/repositories/department-cost-evidence.test.ts
92a42d8d49afd6f59ef632ce09b0d90be8ea01b69e1e32da319e4d1ee0087e89	packages/database/src/repositories/department-cost-evidence.ts
e9d4fc366628d60dcdb3ee2aa0230b7d0afabfb63758b9dd2700874ada87ff84	packages/database/src/repositories/department-cost-read-model-query-types.ts
4d0acce8d5974cda6358d39a9705cd77e6ec59e827b297df81346d79c138c4a6	packages/database/src/repositories/department-cost-read-model-query.ts
b92a31e145908314fa31df6554135990e3c881ab138c12661b0da402bcbfe7ac	packages/database/src/repositories/department-cost-read-model-rows.ts
08d949d349184d7c8a96aa175c254d88ff0aad55169af0063f4d037345327443	packages/database/src/repositories/department-cost-read-model-summary.ts
75827ed0d5737617d11e260b84b17bd40c7009ae67342556a41c8c03d416adb0	packages/database/src/repositories/department-cost-read-model.ts
4dfb731c52800f05838df5755fed51697a833e5240159bc66708a6835f4096b9	packages/database/src/repositories/department-cost-types.ts
4f6e59c1b2040b87d36ed78e850cd29a6bd143f288710127f4ba83cb4f385ba3	packages/database/src/repositories/deployment-log-repository.ts
991774710bef703dc51c2d9dee6c3d2dcf3a94e735eff76718d694c0a38fb979	packages/database/src/repositories/directory-import-apply.ts
95c08ec9e8ffe7c06256188773886ce780cc3fdfdcca733cfd54edceb39e90bc	packages/database/src/repositories/directory-repository-source-run.ts
1767298be2574ea9cbb2d32e2bfa219fd71874de985e6637d2a1e75a78398dbf	packages/database/src/repositories/directory-repository-staging-validation.ts
51f2ba0ad3586b260abe72681bc1189a89c8781f12a033915c0363f3794f5d0b	packages/database/src/repositories/directory-repository-types.ts
fb99959e13669ceeb61d0f167a4fce7700259cb19465cce3cf2637228b3fa0ad	packages/database/src/repositories/directory-repository.ts
26d7a9845aa55a58d892800f076738d86c9c6027e01f2be7b214d0c8ec6a767e	packages/database/src/repositories/dispatch-operating-input.ts
6a8e4c1e03fd107d3a9ee04b1dada270a65be858247304e7531e21aab14596a0	packages/database/src/repositories/dispatch-policy-archive.ts
6d93830fddaa68e3531a711873acdbcd9f8e89aba9695d9670d5508df4f076de	packages/database/src/repositories/dispatch-policy-clone.test.ts
e2963d91c238e9d2b45e6e4468274d3b2ef5d593d224f25e13ce5aa39c28988f	packages/database/src/repositories/dispatch-policy-clone.ts
da877c25df224b23f918fe78703b1996f50eb9a42921b44b0bc966e31820fff9	packages/database/src/repositories/dispatch-policy-mapping.ts
dee358d56e9075c8b6ddc9921aa1353384fb0101dcd1de391c4b57a19227e04e	packages/database/src/repositories/dispatch-policy-repository.ts
d10f44f47ee672c878f63fee6222ddfc46acc8b6e65232bc84c2476a6ed07a0d	packages/database/src/repositories/dispatch-pricing-readiness.ts
94c94b009ed77b2de2566a1f29bf3dfe98c626fe926a91ce2ed8963f801e0f1b	packages/database/src/repositories/employee-model-authorization-policy.test.ts
ba5f4408c4e53f6d817e080e08d569d72384f864d4829dca472bfe87f58483b0	packages/database/src/repositories/employee-model-authorization-policy.ts
01524add9346bfe97f75270f2296e0d1db140307eb7dbf79add9c4fa62450fb9	packages/database/src/repositories/employee-model-rule-lifecycle.mutation.test.ts
52a3dc63de7ec22a02a74b1eb372b55c92380669a73a66218081e496bf9cd8ce	packages/database/src/repositories/employee-model-rule-lifecycle.ts
e591d63300bff7f5dbf438375455663a8b0885bb0823a47663e12d905425f4c7	packages/database/src/repositories/employee-model-rule-lock-context.ts
6f602d93916a05d8de0b06d63452341097ee3957fa103829588197611053f7ca	packages/database/src/repositories/employee-model-rule-quota.ts
dd57e3a1d5485dd1087d25894fe49763dea67f1838874902ba90f80b467275a4	packages/database/src/repositories/employee-model-rule-repository.mutation.test.ts
dc70358f4b470fd8445da27ba55491fcbd96bc989001cb4225aeae46f58a966b	packages/database/src/repositories/employee-model-rule-repository.ts
02ac5886725f9945e67e5df3fbc464b9e71a4531071e771b55a9550bc157d39a	packages/database/src/repositories/employee-model-rule-validation.ts
bc03ac508cfc5aab4e99afe19b5c786b9116fe4b7828319a3a5d5c571f9c3fe9	packages/database/src/repositories/gateway-ledger-guarded-writes.ts
d3231429b499b93306de2d575cff3f265b939534e9558d0f5d9ba6fefb45a07f	packages/database/src/repositories/gateway-ledger-repository.ts
c133e343f7561a6e42864588259b1323abf2af11ee4fb6e580f265fc9fbd0e50	packages/database/src/repositories/gateway-ledger-request-facts.ts
4b358a33234fd5cc63329ff51b31ca2c4e15104af82b46744ab2440e3563f191	packages/database/src/repositories/gateway-ledger-settlement-assertions.ts
633fb10d1fb865897ce1441738c9ce4e4f03a8cfc08e0531e9e65cdd3297b31e	packages/database/src/repositories/gateway-ledger-settlement-quality.test.ts
d7d43178fa21bc35cdc7cab3277915e42b216ea1be8813f5a5b575671a84b357	packages/database/src/repositories/gateway-ledger-settlement.ts
b3561dcae5fe141d6ffd0bd9aa0c29e74da6adfd6df377b345042cc549c99360	packages/database/src/repositories/gateway-ledger-terminal-rejection.ts
1d68b2e173d6d174114faf976bf8d4c8b99075a84bd82898ec3478f15d1ddda0	packages/database/src/repositories/gateway-ledger-types.ts
ee46896ba15601fb6fe68c9da5b5347117756bb934ff3fd332303356ca5e3f2d	packages/database/src/repositories/grant-repository.ts
b086bdec48653966c59e2ec9f5a7d1878f6ef3c54c7f5324d5985c80d52addbf	packages/database/src/repositories/key-repository.ts
0cd8afa874b2f7ac75ea5fb02f735a473043c41de44618d3be428ab9c422fe6a	packages/database/src/repositories/monthly-operating-cost.test.ts
17dc2ea7fcb7047853a952a7c760b2d5637337940d9c1828644e85476121491b	packages/database/src/repositories/monthly-operating-cost.ts
6328a438f3649bb640573ea5695bb451eab8141dcb3b49e549f0667f13c0dbef	packages/database/src/repositories/monthly-operating-summary.ts
9f6fde6ffe76b035a613d929f8328b6b9a964213b7784345dc1e3a804df9a89e	packages/database/src/repositories/operating-analysis-purchases.ts
5e8531f3efadccf7e5019956e66d50735df33c2a165334011e42f98d85af13d4	packages/database/src/repositories/operating-analysis-repository.ts
e547a356c586b15bc7db1b7c3c5224f57423f818447383319f54369187faae4e	packages/database/src/repositories/operating-analysis-usage.ts
810b1cfae85c2eb94416f0b868f084920815e79fd2cebe3bc33343c4013c56db	packages/database/src/repositories/operating-bill-account-aggregate.test.ts
157fbc24c0246e8836143cd1554a0900f057ad143f610b6428ee2efce61e2543	packages/database/src/repositories/operating-bill-account-aggregate.ts
28b1545168c289d646291e4f2455199a6dfadd1b9ae513e3ff4173ed99288b39	packages/database/src/repositories/operating-bill-account-detail.ts
175cfba06dd19ef4e606a8eb178f94ead7d1a268dbd57383626695628386743e	packages/database/src/repositories/operating-bill-account-frozen-detail.ts
5681cba362cf4e275f539ab058ab70919e21ba87f0ade6c911a7e54869b8f89d	packages/database/src/repositories/operating-bill-account-frozen.ts
2969dcc95f3254c388ea4b81a4c04ea2a4f38c94544f010c706a7935d5201e4b	packages/database/src/repositories/operating-bill-account-live-detail.ts
1d5d1224509510d54ee03991816d5297b5f49bede9ee2d7d26077911c948e22b	packages/database/src/repositories/operating-bill-account-live.ts
ca3e1d55948ce490215e219e346c388860dc8d18421d52cfa96befe98894d373	packages/database/src/repositories/operating-bill-account-month-lines.ts
9482ea105ad73ebf31b49a0b2dfbf324d9938ece908b9856205d1ae091930152	packages/database/src/repositories/operating-bill-account-repository.ts
58105b931050e51fdd642217348ec36699312b01d2710e3e1048567d604a00e1	packages/database/src/repositories/operating-bill-account-types.ts
540d39bb53351d821af85a19618177b5c777c9ec9cb634a747bf2ebddf5041d2	packages/database/src/repositories/operating-bill-concurrency.test.ts
3d43d91f07dc630f4f3f5fcbd34af8a8d4b5b5d693de6301040420c781369e85	packages/database/src/repositories/operating-bill-concurrency.ts
1ce44453470123786bc0a95b12996348aab8c3cc0a5960b2e12c0dfd4ce21458	packages/database/src/repositories/operating-bill-cost-quality.test.ts
49192a8183fcf3b0ee758c36ab558feb024aea72a2f7c528b44d8327f16d4dc3	packages/database/src/repositories/operating-bill-cost-quality.ts
aaa5d8723281414b45518f3fe4280794a297ea24213fb6e34b995ac33fdd84cc	packages/database/src/repositories/operating-bill-draft-policy.ts
e3bf2386b4a6d6b4bf20122b6a76e09722a4af2ab8e748c8b876d361d3fc6836	packages/database/src/repositories/operating-bill-draft-rows.ts
e172d8683121f966acdecac9a160c3cceab07382ab07a72e692dcaa62d8f197f	packages/database/src/repositories/operating-bill-draft.ts
b99bc601d942122f39dddc83aac8eb6c931ffa8c85c080b74f526e8ae39123d0	packages/database/src/repositories/operating-bill-errors.ts
b44eec00c1a4f698f393d87a38c1046a7339243621c2df2c5eec2d0ca87991f3	packages/database/src/repositories/operating-bill-finance-projection.ts
cd288bd5175fd97a4acfe9ae930aadfda9a8382ebfa0203284f1216f7b9e168c	packages/database/src/repositories/operating-bill-month.ts
0f5e4205de283a5e253f9ef821bdf3f41aa5b842a849425910638783d3a216a4	packages/database/src/repositories/operating-bill-monthly-cost.test.ts
db7e33e846476d5e49973ea0c71e2c20ae4d299306168c68106deb8c9993ea74	packages/database/src/repositories/operating-bill-monthly-cost.ts
7fe9a74058cf4913dcfcd8867dacae85e00dfd64e265534622d77686854a49a6	packages/database/src/repositories/operating-bill-opening-balance.ts
e6406400034ba8324ab36b941ad95bc96825330848ea1ce3a7807b842fb66c8f	packages/database/src/repositories/operating-bill-period.ts
5216571c9efb3cca7ca713d59e1cbbe6a486abef56a7a0c186ff1147a96ca0f2	packages/database/src/repositories/operating-bill-project-attribution.ts
597cfc9810cc9b9f620bedb845d82027e78c84f600cd1f4cb4afeb3c3168b830	packages/database/src/repositories/operating-bill-project-metadata.ts
d010edea030e3c5a840c03c7a2e97ee6b94f8fd04479d458b35e6d555fb71c33	packages/database/src/repositories/operating-bill-provider-evidence.ts
f2c3f0cb473f55581372754072a3308cbe2eb49e4f29568fadc6ceeddb3017d1	packages/database/src/repositories/operating-bill-read.ts
6a78b3047c1ffb73d982f37c60c336c27ba834916242e524ce8d6925b0bcf522	packages/database/src/repositories/operating-bill-repository.ts
5df4ec2430880bb2440af046f7dedf312b753362b13d6f4a37151f0ca7f32b2a	packages/database/src/repositories/operating-bill-types.ts
e06abdb10cea6f10db46ceb2eecd32faa5f1b652b24271a2e0b4d938ec32e773	packages/database/src/repositories/operating-bill-write-barrier.test.ts
4d25dbfa162796ab3c3b054995c6c6728337c811be60199e07ce28bbb78eafdc	packages/database/src/repositories/operating-bill-write-barrier.ts
344344c61d1e328083d66a5d50732adfdf852dbdb84c1783a21073029ecb2b2a	packages/database/src/repositories/operating-consumption-filter.ts
98a7c18b972672027cee760ca642f48f9ad6c78d68b9436df2a0db9b476b6a92	packages/database/src/repositories/operating-department-accounts.ts
0b1023810e81aa7278ad6af091a4f3ddcaf7da60c1e046bb26d0e4c968ee8873	packages/database/src/repositories/operating-department-rules.ts
294378f76eb585ba270159ad4f2f2d367e6ce223ad962c1f8a9d3e71c3ea04ed	packages/database/src/repositories/operational-fault-repository.ts
02469f1a6c14d6c4a54b444fb46c6fb020f7a021253b52e6252db2c10e5953a4	packages/database/src/repositories/pool039-repositories.mutation.test.ts
33e5a51f88b0ac9a8db5d579a106f73d7f64eb66646b2adfd25470288c6c5677	packages/database/src/repositories/pricing-set-validation.test.ts
52ca1ec370a894e664e6316000bd57765a99dc0a9ad4f04da60892fb5a51948e	packages/database/src/repositories/pricing-set-validation.ts
927811b0417219c894021371fd38784875c657df93204eeda76ee429af643179	packages/database/src/repositories/pricing-write-guard.ts
22e4f45e87348117ced6e0f73c02a2b442adda3574de2c3cc04da51fd66bfc25	packages/database/src/repositories/principal-access-config-repository.mutation.test.ts
2a74e0597f31a9aed8e645759ea2659e87b4dd566e31fbbaeab2c73ec5ed8130	packages/database/src/repositories/principal-access-config-repository.test.ts
90a724dd70328822b0becad19eee6f7c2152e50110c0a484ee4d9518a04e215d	packages/database/src/repositories/principal-access-config-repository.ts
cbf8cb927f9069d3ffdea7d5cf9e0af1617e8490b2efadcbbaea63b57c32e623	packages/database/src/repositories/principal-access-config-utils.ts
7d38594d19f8ef146464090161596a1179e23e26616f4e5492124d13652b098e	packages/database/src/repositories/principal-access-locks.mutation.test.ts
9509d77f75823132f0279615bd6777884642186e3863e973825272f27ecbb830	packages/database/src/repositories/principal-access-locks.ts
18a6fe88453f3bcb81fdbc176d478931c3031cebe65a63d4a67159a6f653e560	packages/database/src/repositories/principal-access-read-model.mutation.test.ts
461d5e88b5b1bf54186b82d3d8bbe06e1a905df27decf35d67a3fdf1ba8edb79	packages/database/src/repositories/principal-access-read-model.ts
298f63ed404e01086fbe324b23951030027ef5d8d8c9c1a8b75f118f597f2259	packages/database/src/repositories/principal-accounting.ts
3a1ddf8d10bc473b8a32d88d9ea2074c341df10b151c5b313596dc5a7bd34438	packages/database/src/repositories/principal-attribution-backfill.ts
c52ed94acb3ccc20d4b88e8c994f52c18677607e6da5e50d847470351742cfbc	packages/database/src/repositories/principal-cleanup-preview.ts
9d924c55788dbe2d15c07fdf6e19a9f1c6aea70b329938ec87917b6c72570a7f	packages/database/src/repositories/principal-department-query.ts
43fabf0c0c7f31b9015e2b7375676f6c8287bf52adc857ab04a3835ce7ebfff5	packages/database/src/repositories/principal-repository.ts
b6559f15aa7043119af6114c5766ba0d258497e5792bb39f8e3346b00b271656	packages/database/src/repositories/principal-single-rule.ts
b51e744995948cac122cb73a4d990f93ec43da3b9a1036da3f2b15a9a7667713	packages/database/src/repositories/provider-deletion.ts
98d76163063c45a4f21c8dc99fc1da4d2110ddc2a62298433ab83713a38e0159	packages/database/src/repositories/provider-finance-activation-coordinator.ts
460ccc2a108cec6c37d523656ef5a136302dbba32fd81c5047c181a1cd5e8937	packages/database/src/repositories/provider-finance-activation-facts.ts
cdcfe175bcdf1e18a7837b29ed58f45c2743d8e604ad758de32e87aa7449a034	packages/database/src/repositories/provider-finance-activation-preview.ts
1fae222fcd6d5aa5346343d5195675735371c257d77bad2504434ccc6a9cb696	packages/database/src/repositories/provider-finance-activation-repository.ts
704a301ac12d4d75873d7c9e5bf63de1167515cb24e2c7d4949440cab422e165	packages/database/src/repositories/provider-finance-activation-types.ts
6fc51e54b25c35dc265a375bc53ca287ca2a8e0678bd3e0dbc3d58be22fb2bed	packages/database/src/repositories/provider-finance-activation-writes.ts
bfc0828faea2af8449ca0284316fa4f9b56203ea1aafd72f711d64f545003523	packages/database/src/repositories/provider-finance-balance-facts.ts
e4ec31fa5497eb83526c03bbc8579c6e26863835f515b67002c695ed036fa89a	packages/database/src/repositories/provider-finance-balances.ts
90cb36eaae25a2e0a2bb6ec1c78a4cb7827f3bdbb8f79ec5875c373c8e1dae71	packages/database/src/repositories/provider-finance-core.ts
9e323c441255a7a91da68ee06dda519f073e59ed3bed4df4c9c499357805be77	packages/database/src/repositories/provider-finance-cutover-repository.ts
80044d4ad6692cfc7cade3b24bab5fe7bade12f754e7032025fb5bc86f271f09	packages/database/src/repositories/provider-finance-cutover-types.ts
88244fccab7ed8c8cfae3a85c76b7f84f4d35dfba211c45591f26c56d84efba9	packages/database/src/repositories/provider-finance-events.ts
fd81c2f78f1e7325d0e5bd337013824eb583e60f41ddb33f9a9f3e6ba8520362	packages/database/src/repositories/provider-finance-gaps.test.ts
478aa6fa98778a2190b76d037fce7913dbbac67779bc199f5c887a12c4f788fa	packages/database/src/repositories/provider-finance-gaps.ts
3adb3eb4c774fffa7c8285c2e93a91a98db55120f786b50f64140313ca267f24	packages/database/src/repositories/provider-finance-legacy-resolution.ts
3c7d21f8372c9f9d231a2964272186781f39a2e973943f2c43290380e462dcef	packages/database/src/repositories/provider-finance-month-opening.ts
28e6e611937ebc65a43eeb1825354aa6d08f29d071a2aeab921fde779388377c	packages/database/src/repositories/provider-finance-period-facts.ts
fd8a3fd86ab5d870fb97fd080a132a4f04c7829a8a7ee4215e7d60d874cd3c30	packages/database/src/repositories/provider-finance-quiescence.ts
c7a4784fe6147d8257a21c3814382babed37988e677516bb6ef8d7588e4302ea	packages/database/src/repositories/provider-finance-reconciliation.ts
2adf546073a1a24040d248da05f89b1f0e6bf67c1b894e29679557ca022499d8	packages/database/src/repositories/provider-finance-registered-history.ts
fb461629d850402778c5e4a099bd4e9a846c9952b405ebe9e2dd5cde244a7493	packages/database/src/repositories/provider-finance-renewal.ts
b695536fffa6461c7efa64b997a0d2e4b255caa9b78d97f90b102927fb1c65ba	packages/database/src/repositories/provider-finance-repository.ts
d5b0a26b6d299c33ae47b4602d9ffc76b0fb991ec628e4609bece662ee44f98b	packages/database/src/repositories/provider-finance-types.ts
c10029ebe5ed97744660540a95a59a6191df5e9049baceeb199216afb6cfd8e3	packages/database/src/repositories/provider-finance-usage-backfill.ts
269645d8644c2dd2a6d62e4ded14e6ee208fa428edf19e50506e8a3334378019	packages/database/src/repositories/provider-finance-usage-repairs.ts
815200bd271e288a1cb5f7d6795a14c5e74f51db2e8ada926f6d716a59821edc	packages/database/src/repositories/provider-model-discovery-repository.ts
443b994170debcbdda63bbe5402abcc39ea1774a994ad19126d8254f573fc835	packages/database/src/repositories/provider-model-utils.ts
fc772bd09ac8ca71c383e3d816877ea6855f03ef202befd07eebcc5120006f8c	packages/database/src/repositories/provider-operating-repository.ts
85d16c33e2f7b4a40d3e6cc951ab7be15306e37c3b740cd3a638cf2ebd4e964a	packages/database/src/repositories/provider-operating-snapshot-writer.ts
656014eea2f2d7c106fecdb6f7deb6b73ec907b3547e17461b3bd6215c9861f6	packages/database/src/repositories/provider-operating.test.ts
ae3ae8ebbe0f22d184faee31a74a70e931e36687f1f693a468284330b8bccdd7	packages/database/src/repositories/provider-operating.ts
7171dd3c893988c23268bb397c9d919e4893fba42c66b29481ce923e0f2da2a4	packages/database/src/repositories/provider-quota-window-repository.ts
2c56fe2e496a8fcd5479a5ddfcfdcb6fcf98032e95bd49195ff4c6e32721179c	packages/database/src/repositories/provider-repository.ts
cfdcc05da3b803e108e81f9fece9189f7967f96901f20c87c425eaffbb730585	packages/database/src/repositories/provider-types.ts
16f9928299b4823934accc3d7778690fd134bf7d2df5aaeb8a9554f6619642e0	packages/database/src/repositories/quota-gate-repository.ts
62a834cdc4154cf142a25ae2b8c7e27dfbe8803c0d148202b59ff87edaa5fc94	packages/database/src/repositories/quota-pricing-configuration.ts
45394e10f474f80a3dda8a0855f473e4ab88cfadad7616149933bb720dd23a69	packages/database/src/repositories/reconciliation-repository.ts
8b326ef80ba668c1e22997ee632c601677f037b07f3c1d2d1dfef12dbd72ea26	packages/database/src/repositories/request-attribution-writer.ts
7787951f0ca775db068f3daf0d7e71dc10337f8814eb6d90d84478a255f7c595	packages/database/src/repositories/resource-model-usage.ts
864c48acd9871b14b43bab6055d2c3ea17923c58c8313a3651f42199519773fd	packages/database/src/repositories/resource-pool-repository.ts
340bfd1f6d1215f23191b0f4f826bae89e7d8936e4eccef62852709a2143dcef	packages/database/src/repositories/runtime-assurance-core.ts
7dc75bff286cc135923dcfd45425f250d98b803c4275acd1e4dc855d38b093ff	packages/database/src/repositories/runtime-assurance-directory.ts
f0608109a9468df1889a1a1a319e287dc530a877f18e563edbb678c5304cccbb	packages/database/src/repositories/runtime-assurance-events.ts
0deb841299426da2e1968486282510fd46b5edec7c70d54087b808de0ed16603	packages/database/src/repositories/runtime-assurance-repository.ts
b9ece89e33b548db9534eda6810a9808b5810c41c492fd1d1fb1995f9a8235a5	packages/database/src/repositories/runtime-assurance-rules.ts
21e830c391ce6306e52ab0bae0422a6339419501307c59abe9aa820ae74ab3c1	packages/database/src/repositories/subscription-period-attribution.ts
28130a8365a6a3693efbaa27817e5665503d82829f6bce0f1a6449a53fdcd508	packages/database/src/repositories/subscription-renewal-calendar.test.ts
581adafb9b5c83fe29dd6fe0ab82072284447e4274c24eb60803c9f6ea0ed06e	packages/database/src/repositories/subscription-renewal-calendar.ts
4eb39b2551060648ca5e4b11af99ec6b2617b7b43a8276d1df889710d97a4bd1	packages/database/src/repositories/supply-forecast-repository.ts
39c44269a6ae25a97e2acec6ece1a41f6e2f564222022812217323a2132232dc	packages/database/src/repositories/usage-aggregate-rebuild.ts
bed4dc6a2f4b36f30bafead774aa03ecce583d2e385721b5fa187aa2bed14427	packages/database/src/repositories/usage-aggregate-repository.ts
bce1a15af003ee10a36396921906377c9ec9722b22c5cefc87c1d42fc9e50b08	packages/database/src/repositories/usage-overview-facts.ts
7311ac42fe94fd5695653ba9d06047c897f5fcf64e7913312d43f0d03f992cc6	packages/database/src/repositories/usage-overview-repository.ts
b8a4c5423bd8182de9fea4022a832daaf7370694c09103dd450c23ff3fc062e4	packages/database/src/repositories/usage-quality.test.ts
59bf2b4a4e09e6bb4450dac6355b2d6a53c203d15cf879c9bf01e3eb60a19bd4	packages/database/src/repositories/usage-quality.ts
c41ae5ef8cd23fa8dfaac1882d5ef75eb8d38b5f78c2d941dc2922929907b5d1	packages/database/src/repositories/usage-repository.ts
3157f2e91bed6d07331b55ff4c98b48190d47d5a63e50a84eb02f215c266bd65	packages/database/stryker.pool029.config.json
0f9423a856bb739eaed34043149df1ab32ec2b39ae5d9535067922e95e4a9a4d	packages/database/stryker.pool039.config.json
018dca34dd3857142411301abdd732e7172e7a085725ab886abb95e292ed4de4	packages/database/stryker.pool039043-integration.config.json
abd3bbb0e52e97d160a47e23de8350fdbb6c6c8511da87baf4857937b385f8df	packages/database/stryker.pool042-boundary.config.json
5050e25bb70db6e831be5c64a40f67340e02469603d8e2fa9cd704618896a872	packages/database/stryker.pool042.config.json
3191b0eac6a8c02d4b297a931d03f2fa6b183b36a40cb30ae826221d20b66eb2	packages/database/stryker.pool043-v22.config.json
c7563507febaae40b902707f84813c5478a2cd752d3a3442df6036bf9272a357	packages/database/stryker.pool043.config.json
28455c8ade4f32d5075a16f27561c458aa1b825e040b570a43b0deb8948cf0a1	packages/database/stryker.w20.config.json
6549f95182c0e522f6fe423f472e09a011e8bea22dd5a0654b0ad7cc67f172cb	packages/database/tsconfig.json
c90cb6afe24be24a495fa2938552c6c63d2a640b56ad29a5d59849202eb1fe7e	packages/database/tsconfig.tsbuildinfo
e8e205e3dd31f30417cfe9280687e803b00da71d9796475c911197dd2a785365	packages/database/vitest.pool029.mutation.config.ts
fabbc88eb34a40cd8f14d921143456cf97318caf9a911c4c71081dd01f5d9937	packages/database/vitest.pool039.mutation.config.ts
ff8e4f86342f1e444ed8890fa57835b6bc77d26b8621742ecfd9ae474597cf1c	packages/database/vitest.pool042.mutation.config.ts
b9da38a50dd9a37998a2fc7b29cffe31ae784e218c20f2078b72f3f66e02bb48	packages/database/vitest.pool043-v22.mutation.config.ts
416894b7a4548d1a5201c2baaf29f55a386e0ff8daedc703dad484665a19d9eb	packages/database/vitest.pool043.mutation.config.ts
2d07bca70c181fb3e336a55cea9664eb9b631c4966397a702c4b36b3be42eb6f	packages/database/vitest.w20.mutation.config.ts
c5dcf18e5187307f0f772349f7ac40907815858f60e6e7d479dec52b29fe49d4	packages/domain/package.json
a3fd08e9cc4e04dcc07580650df417757644d60b7e17fd1ece29404f70d921b9	packages/domain/reports/mutation/mutation.html
c4681ca0dc48f5a1360d13773e03490983a170161088da3fc93c7eae264c1916	packages/domain/reports/mutation/mutation.json
cd973e3d473602694e6f61110982045273e0e616cfcd24e28068fadf306e05ae	packages/domain/src/__tests__/api-multiplier.test.ts
d8320c1383859b92fd22b2ab1416e2052c359497c561aab67d45f21c5a38df5b	packages/domain/src/__tests__/billing-rule.test.ts
f36f23b5f0006e0043abeec08be81ba6a7d6c7f1a57d340bf098f9c1d25b6e61	packages/domain/src/__tests__/client-identity.test.ts
cf564fffbbac61a24312edec16450a066e284c8fda23f1ece2c23a10b714a575	packages/domain/src/__tests__/dispatch-policy.test.ts
d8ed918bd1e7f8fdf65ed94b74285b3a0788c900f0eb414ba8c8e40b39426482	packages/domain/src/__tests__/domain.test.ts
49fe2ab97788dd076c5c4a7b61181787157d82046745d1bb4631d9016fe323ec	packages/domain/src/__tests__/provider-finance-activation-projection.test.ts
8a18b4980563caa8d36cd10916e6e4b4aa12eb240b636c14605eb46fb05f94b6	packages/domain/src/__tests__/provider-finance-activation.test.ts
2afaa8295d6b8df50ccbdc884484612eccd43cdbcb7251fea6c4f45d60645823	packages/domain/src/__tests__/quota-gate.test.ts
081c93495a74908332605ce0b20cab258c8de9afdae8434155b6258d1248d002	packages/domain/src/__tests__/reconciliation.test.ts
2bc973eaa85fea5ac24bb9f5946f670138a0aef784029943a6ad0b6a303b33ca	packages/domain/src/__tests__/resource-lifecycle.test.ts
c23a5f6b5ef48b14da3479818a2316a07045a436489168374f888c280a2ea37c	packages/domain/src/__tests__/routing-policy.test.ts
30df297fa849597973aefca9a7b6a2b5b465ec4c76a1b41507ded38789e0c70a	packages/domain/src/__tests__/runtime-assurance.test.ts
e3b9a2cfa2f88afefd8ef54206f89c2862f6c8f4b537ebcb4c43c2ab44643625	packages/domain/src/__tests__/supply-forecast.test.ts
83e50ece96cea0bd143289d3e5a206ac6324e4031c47845255d02bcd1c801475	packages/domain/src/billing-rule.ts
0e599422b91cd0c6d79b361d6b0a10c40b0cbe137d54f72bc7a117083855f296	packages/domain/src/client-identity.ts
cadf21bc1c2ec3cb8d9964f918e0988efb90d1c55cf657299a069c0e37b1ecaf	packages/domain/src/dispatch-policy.ts
5c9a9cfba721c94a8ea4d1e724ba00b676214b239515e37330889028674b8e03	packages/domain/src/index.ts
3cf1a27f7513716fdf75788dec45c292813480092832bef3f796f12bc3609995	packages/domain/src/model-display-name.ts
eec28b0789a261c254c4099f0fe6607e95c5b8c3068530b082659b53938c56ac	packages/domain/src/provider-finance-activation-projection.ts
9505cb000478760067f156f8d9f0fa75b02d4ecbb9a1a994280949d2090d96fc	packages/domain/src/provider-finance-activation.ts
c96c7dc2ee11dde793f29d09dbeeb73e1372b20f7d0b9e967d438a3d968375a8	packages/domain/src/provider-finance-balance-components.ts
c532ba01b680de599295bc7dff12262e8ac2d80acf6451d115618558cd527cca	packages/domain/src/quota-gate.ts
9166600fb05610d6c580ced53c141482f6a565c882eb7493c1d10a8d8e96eaed	packages/domain/src/reconciliation.ts
0628fbda9c83cf12e0559a7b1e09ecc81fe32ba1510a25b60db475b94daa7f4e	packages/domain/src/resource-lifecycle.ts
876c570ba8ed406faced6feb97be99f9b0ef24d9822d12eec8063e1135b94c63	packages/domain/src/routing-policy.ts
43a4012d7e02cec1d8b1213c149eb49d73a48052f95a53a5140e47bc46e4d944	packages/domain/src/runtime-assurance.ts
04abfab0fc02e27f12c71297e4b349484382e09fedd0b06557d47113a908a72b	packages/domain/src/supply-forecast.ts
c8a99caaf67c676402808c7a22671b5c035130b9a2aa6937af284007a049f849	packages/domain/stryker.config.json
6549f95182c0e522f6fe423f472e09a011e8bea22dd5a0654b0ad7cc67f172cb	packages/domain/tsconfig.json
7647e3ca011ed57c69e5d096eb2151cdc6d5ef3656c8891ac85c1e7c72cc5cb7	packages/domain/tsconfig.tsbuildinfo
2cfe3513ba523ccaef44c5045f67b0e69ce9328a9e00240f818f151dbfed9056	packages/domain/vitest.mutation.config.ts
09d366c4ab6614cb220285886a021f89c3650d2a24419fcd4c1c25ac1eb6f0fe	packages/observability/package.json
807d12bb1f4b9d3a46ea63019b120a9f104937c05747115187984e577972fd90	packages/observability/src/__tests__/graceful-shutdown.test.ts
df4747ae865bcefb4c36ab8cf053c0dce56d163fbd6c0b67696b45ca61fa0a20	packages/observability/src/__tests__/logger.test.ts
f5c60362d097b73739ada1f8af98626fa40dbbae48f503bd98ca21dbb780dbf2	packages/observability/src/canary.ts
23686cd6aefc1f49d8a92b1a56f7f254cf21358ed6a50fbaf3f786a5a8241f37	packages/observability/src/cli/evidence-canary.ts
c95dfe6e42ad75fee90143923a93e9a35e10ca68cb92982f367461ae084e2bf5	packages/observability/src/graceful-shutdown.ts
36163cd58aeece74ec9a434d9be552e87b7f079d9491c775a4c46b09da418791	packages/observability/src/index.ts
06448b842596659db97af60352a8e977906709b8bc024ed09b3744c6d5e51bce	packages/observability/src/logger.ts
b6f0a7ba530584ed164563ffcc52028385db4d19753e8826e82f7ad856c91fcc	packages/observability/src/pg-canary-sink.ts
6549f95182c0e522f6fe423f472e09a011e8bea22dd5a0654b0ad7cc67f172cb	packages/observability/tsconfig.json
d5d3834b56608f3685c87d8acab6fea91e67bffa9ed79c40c196db7606968672	packages/provider-adapters/package.json
740bcd1f15944475668aedf31155f91300fb3603c024e3574a6d965791fc4171	packages/provider-adapters/reports/mutation/pool021-r2.json
7c3bdad75a063983f4454aae3b6453aa5960b31513c486c2b65166e57c5bee3e	packages/provider-adapters/reports/mutation/pool048.json
198add9d5cab7f2c190ef94f76d0a7f312e9e248d25459f3b38a2219d3a50a9e	packages/provider-adapters/src/__tests-integration__/openai-compatible-http.test.ts
2c606d4d1846c2c1a47ef6ff01c085c18533ceac975c1b338737714cd2f9d487	packages/provider-adapters/src/__tests__/coding-plan-quota.test.ts
a822b101bbbd644957fa4e259361a09af7fe6690664bea78fd2b09d248c819cd	packages/provider-adapters/src/__tests__/deepseek-adapter.test.ts
4e2d921c4db8cf9040302d02ca68e745b1d791fedcd055e51d366d61c6d738c4	packages/provider-adapters/src/__tests__/deepseek-model-version.test.ts
f9e2f2d899a78fb485f81ac7f1d42d1fc06b42fee6006d187bc73a6ebf81413d	packages/provider-adapters/src/__tests__/endpoint-policy.test.ts
5c220a1482fba91623ef5c45e4cef87561b6527ddc06e6c0885b4643a87711c7	packages/provider-adapters/src/__tests__/image-audit-boundaries.test.ts
66c56eabc15a9fb7e10161611e1b5cd99ad019b8d22a783585630eca45ee8b82	packages/provider-adapters/src/__tests__/kimi-adapter.test.ts
8290915669b6e5c1af220938570338b7f82f866d438cb0412e3af488290c94f6	packages/provider-adapters/src/__tests__/model-discovery.test.ts
420d79adf0f79a49afd3b8b8fb61a4269ec06b731bd8955fd5aeb10e45fb994e	packages/provider-adapters/src/__tests__/model-image-capability.test.ts
617ee53679c9947d8b1eb7b15ea64a25d2387e1c837a3d0704a866ae242bc6f8	packages/provider-adapters/src/__tests__/model-validation.test.ts
22abb072b9e27b3339346980ee8ed24eb072bb5b3befd5c439888fd1f30ab9a5	packages/provider-adapters/src/__tests__/openai-compatible-caller.test.ts
041f50990135d05610da40c41320fd474071bb45a5a8c3ce14eb12324f829915	packages/provider-adapters/src/__tests__/provider-operating-facts.test.ts
0522b9e0cf10d429ccfbfbeba7c9b20885ffee0ab287defb7e53a48820bacd9b	packages/provider-adapters/src/__tests__/resource-timeout-policy.test.ts
04c7022492eac61b61da0dda22e06c15cdac84aa2e9237a44109083da4f477a1	packages/provider-adapters/src/__tests__/secret-value.test.ts
5e1e125a03811f91c7dcfd7b9ee9c259c6566aacc73f01aabf788d6c57eb0fac	packages/provider-adapters/src/__tests__/upstream-error-evidence.test.ts
45f8ec64dc7b16d0528ce675f191197d6252abc3a0d5080d02304f3ae3da7f22	packages/provider-adapters/src/__tests__/wecom-crypto.test.ts
bb91aef5351872a35a251a758204c100c5b5d545b4c84fa24732e130a40db8ed	packages/provider-adapters/src/__tests__/zhipu-adapter.test.ts
5ec3004eaf08398fa418c1331d4ff04bfb268cec48842f5c598820c9ffe1975a	packages/provider-adapters/src/adapters/deepseek-adapter.ts
6853a250a944cd84bf79f8193f3a0b49368337a6bbfb9ee843bb459354aa5955	packages/provider-adapters/src/adapters/kimi-adapter.ts
3ad304b1fb9ee04e3e80d1d2ed596b2a3397508be2a1ee5e324ce504afa1aec6	packages/provider-adapters/src/adapters/stub-upstream.ts
43be4b7387734439cdfc83565ad074d6c4f0c9d7ab85f4f9ea39cdde6beb83fa	packages/provider-adapters/src/adapters/zhipu-adapter.ts
ea7dd32528bc2dec92028d563393674a2204198aa9f449cbb7aa256be299ca1c	packages/provider-adapters/src/coding-plan-quota.ts
74c9d3a28e27b65f1687ecfdfcdd4cc3b26c9cb49437b33594374a7d114c794d	packages/provider-adapters/src/crypto.ts
1c1d46601b60f6bac294296b0a7880657299f7f78ffdb5d00d35b3154aaf4a22	packages/provider-adapters/src/deepseek-model-version.ts
2dd7146817a447653464775681d88743d446a2d136de49770ef5c197ff0c4992	packages/provider-adapters/src/endpoint-policy.ts
db0ae8d5833b54fec3a5ea42b6bfeb0d0bf58f63320c6937c536745eb239f6da	packages/provider-adapters/src/index.ts
d6dbff1451404476db9e6594757cab34d8142d35ed10ad765c717d08657b54ec	packages/provider-adapters/src/known-providers.ts
13c26c10dffc0f15b7b62d9bd0828ceda5cf800d567ac195a0d73f4cc3e3f673	packages/provider-adapters/src/model-discovery-contract.ts
8f8d744c564f32dff69959fca5877276ba6b9727398b0488e862fa80ab679aba	packages/provider-adapters/src/model-discovery-parser.ts
593f3d8cd562f9bf8e09b92b1c8e320eb1912ce9a86d40289ffae01a50b8705d	packages/provider-adapters/src/model-discovery.ts
0046a08ebbf3aeae174f2d5ca0a2c697b1141baabdadba18af8670b976366e93	packages/provider-adapters/src/model-image-capability.ts
11083a072207119b2516bde661e57ad7cb2166a45e90181f8cb0a1c863b96b52	packages/provider-adapters/src/model-validation.ts
e73437df372e9bad1f5dd4ccb6074da3b2b3d0e08390fa21d6e81bf83a5fcb99	packages/provider-adapters/src/openai-compatible-caller.ts
07d741cecc624f6561ece2fe954cdf7b6cb05ddc14caa55a3af9cbe8c881518c	packages/provider-adapters/src/openai-compatible-conversion.ts
763fdddf560bea0f64babc707e09acc068f424ceb59f290d98dcc414239824f6	packages/provider-adapters/src/openai-compatible-request.ts
2ad4dbd51141639c27b8daf688902b6024260e522cb6509d454328bd229974d2	packages/provider-adapters/src/openai-compatible-response.ts
e2e2cbec1eea14438e18c6ee617b4667d6417ecbaea9b2a68feab6b022174347	packages/provider-adapters/src/openai-compatible-timeout.ts
cf89699fb570e117d2339dd030072063830dc2c7e1f5432cc5571b98c3cfc113	packages/provider-adapters/src/openai-compatible-types.ts
b91e88621a75172284ef56d137673050384aac7947aa2f940e851d5df4207829	packages/provider-adapters/src/provider-code.ts
67c961ebcfabd16f6ee00960173e50284ae6475dd0145866a6edea3bb8725251	packages/provider-adapters/src/provider-operating-facts.ts
a116a2fae3a1b403192e2d1010f46689dfda8658235de6abd968d9c6d8838a7d	packages/provider-adapters/src/resource-timeout-policy.ts
55a2080b26d84ea82a389efa238422d637449a04dbe49516647f19fdd184a07c	packages/provider-adapters/src/secret-value.ts
e3be1c2da60247b236f814cd74a7880bdf241687d2603b606348aa8e85f9788e	packages/provider-adapters/src/upstream-error-evidence.ts
3639d9489060cc0099d8045c00549bce5bda0cbecb6ca3d7a4a41edec26d7495	packages/provider-adapters/src/upstream-failure.ts
bdcd94a8bb239b8b09b465f7bf656aaa03d24bbf33b8082f6cf0be013cc6128c	packages/provider-adapters/src/wecom-crypto.ts
947d0989308081b48db2f0bdc935d54bddae3faa657e2539bb5d0cc7592f5978	packages/provider-adapters/stryker.pool021-r2.config.json
50b177e71084b49b5043f008e31d601cf00415637a82e785b8bee1f138e7d1ab	packages/provider-adapters/stryker.pool030.config.json
b9f89812a40842d1d54e7ad63504ae5e39212f8feba0377c2028d83025d73714	packages/provider-adapters/stryker.pool048.config.json
6549f95182c0e522f6fe423f472e09a011e8bea22dd5a0654b0ad7cc67f172cb	packages/provider-adapters/tsconfig.json
ad7eee2432bb4a8c5c272b7867108fb6439bba6d1c51f861a3f52a9353835cf2	packages/provider-adapters/vitest.pool021-r2.mutation.config.ts
d8010b34bb06837183a65febcc1b6fb4cb08e596a306cda9b7f9e174b789bf2f	packages/provider-adapters/vitest.pool030.config.ts
e4158eb1f3b0094144e79d28f5909536c89e6fdf5dc29716f6e69115957bdca9	packages/provider-adapters/vitest.pool030.mutation.config.ts
dedf754d0a70266b01c324f3a23c71ec04e33c4dc736d46622d10e2b99550dce	packages/provider-adapters/vitest.pool048.mutation.config.ts
4d2f4bcc9f6ad9bacd94e27555c62129df5b7cfc9c742d3ea4eed3fbb7042dec	packages/testing/package.json
a097919c94ad0cfe80e03481a76ee8786bb63e7074bd9cb265043ccf3809ff90	packages/testing/src/index.ts
48a3a7f315cdaf37daf0352ead9fd24e0aa55f1230ba207fe53d9458abd0f122	packages/testing/src/postgres-container.ts
186a5817ed59d82807b695c9ef3700e8eca7963352357d21a01787dc37b9224e	packages/testing/src/redis-container.ts
6549f95182c0e522f6fe423f472e09a011e8bea22dd5a0654b0ad7cc67f172cb	packages/testing/tsconfig.json
2a169b16c2ec2a7912ac4db68f2c4137b63a461f09835f1ed949509a90bc5412	pnpm-lock.yaml
16d3ae2e43b2eae1fa14c02941e308c146e81a837ec932f8d0696e93baa76213	pnpm-workspace.yaml
642c04e4731554187160a26ee1de2c0ed971125e782cd19f9757bdca9a97c74d	tsconfig.base.json
